LWAGE,EXP,EXP2,WKS,OCC,IND,SOUTH,SMSA,MS,FEM,UNION,ED,BLK,M,F_EDC
6.24417,9,81,32,0,1,1,0,1,0,0,9,0,1,0
6.81564,36,1296,30,1,1,0,0,1,0,0,11,0,1,0
6.86066,12,144,46,1,1,0,0,0,0,1,12,0,1,0
6.62141,37,1369,46,1,0,0,1,0,1,0,10,1,0,10
7.29574,16,256,49,0,0,0,0,1,0,0,16,0,1,0
7.33889,32,1024,47,1,1,0,1,1,0,0,12,0,1,0
6.52209,21,441,48,1,0,0,0,1,0,1,12,0,1,0
6.89163,29,841,51,1,1,0,1,1,0,1,10,0,1,0
7.20786,9,81,48,0,0,1,1,1,0,0,16,0,1,0
6.73934,9,81,40,0,0,1,1,1,0,0,16,0,1,0
7.24423,30,900,47,1,0,0,1,1,0,1,12,0,1,0
7.05272,27,729,46,1,0,1,1,1,0,1,12,0,1,0
7.40001,32,1024,46,1,0,1,1,1,0,0,12,0,1,0
7.12287,21,441,44,0,0,1,1,1,0,0,17,0,1,0
6.47697,15,225,48,0,0,0,0,0,1,0,14,0,0,14
6.38856,22,484,49,1,0,1,1,0,1,0,12,1,0,12
7.1309,22,484,47,0,1,0,0,1,0,0,14,0,1,0
7.80384,31,961,47,0,1,1,1,1,0,0,16,0,1,0
6.93634,46,2116,40,1,1,0,1,1,0,1,12,0,1,0
7.26683,31,961,48,0,1,0,0,1,0,0,16,0,1,0
6.44254,34,1156,42,1,1,1,0,1,0,1,4,0,1,0
7.04752,26,676,47,0,0,0,0,1,0,0,14,0,1,0
7.89357,17,289,50,0,0,0,1,1,0,0,16,0,1,0
5.85793,11,121,50,1,0,0,0,0,1,0,12,0,0,12
6.90776,14,196,41,0,0,0,1,1,0,1,17,0,1,0
7.36708,20,400,48,0,1,1,1,1,0,0,15,0,1,0
7.31322,14,196,23,0,0,0,0,0,0,0,16,0,1,0
6.74524,32,1024,49,1,0,0,1,1,0,0,12,0,1,0
7.56008,37,1369,49,0,0,0,1,1,0,0,14,0,1,0
6.64379,23,529,49,0,0,1,1,0,1,0,12,0,0,12
7.61332,28,784,45,0,1,0,1,1,0,0,17,0,1,0
7.74066,36,1296,47,0,1,0,1,1,0,0,16,0,1,0
7.46737,20,400,49,0,0,0,1,1,0,0,16,0,1,0
5.98394,51,2601,46,1,0,1,0,1,0,0,8,0,1,0
7.02554,14,196,45,1,1,0,1,1,0,1,13,1,1,0
7.18007,21,441,41,0,0,1,1,1,0,0,10,0,1,0
7.40914,18,324,49,0,0,0,1,0,0,0,14,0,1,0
6.52209,16,256,49,1,1,0,0,1,0,1,12,0,1,0
6.80793,12,144,51,0,0,0,1,1,0,0,13,0,1,0
7.35819,36,1296,47,0,0,1,0,1,0,1,8,0,1,0
7.745,26,676,47,0,0,1,1,1,0,0,16,0,1,0
7.02554,36,1296,49,1,1,0,1,0,1,1,12,1,0,12
7.43838,11,121,49,0,0,0,1,1,0,0,16,0,1,0
7.6009,13,169,46,0,1,0,1,1,0,0,17,0,1,0
6.65286,19,361,49,0,0,0,1,0,1,0,13,0,0,13
6.55108,12,144,47,1,0,0,0,1,0,1,12,0,1,0
7.09008,32,1024,48,0,0,0,1,1,0,0,14,0,1,0
7.43838,32,1024,49,0,1,0,1,0,0,0,16,0,1,0
7.82084,37,1369,48,0,1,0,0,1,0,0,16,0,1,0
6.84907,37,1369,28,0,0,0,1,0,1,1,12,0,0,12
7.91936,37,1369,44,0,1,0,1,1,0,0,17,0,1,0
7.64969,31,961,49,0,0,0,1,1,0,1,16,0,1,0
7.20786,19,361,48,0,0,0,0,1,0,0,13,0,1,0
7.10003,19,361,50,1,1,0,0,1,0,1,11,0,1,0
7.20786,38,1444,46,1,1,0,1,1,0,1,8,0,1,0
6.53379,29,841,50,1,1,1,0,1,0,0,12,0,1,0
6.31355,27,729,48,0,0,1,1,1,0,0,11,0,1,0
7.1309,43,1849,48,1,1,0,1,1,0,0,14,0,1,0
7.64969,32,1024,46,0,1,0,1,1,0,0,17,0,1,0
6.1717,24,576,43,1,0,0,1,0,1,1,11,1,0,11
7.1309,30,900,26,0,0,0,1,0,1,0,17,0,0,17
7.2724,13,169,49,1,1,1,0,1,0,0,16,0,1,0
7.36645,17,289,50,0,0,0,0,1,0,0,17,0,1,0
6.80239,40,1600,50,1,1,0,1,1,0,0,12,0,1,0
7.04578,36,1296,45,1,1,0,1,1,0,1,8,0,1,0
6.85646,26,676,48,1,1,1,0,1,0,0,8,0,1,0
6.47697,34,1156,49,1,0,1,0,1,0,0,12,0,1,0
6.95655,40,1600,46,1,1,0,1,1,0,1,12,0,1,0
6.93049,33,1089,48,1,1,0,1,1,0,0,13,0,1,0
7.17012,14,196,48,0,0,0,0,1,0,0,16,0,1,0
7.40184,13,169,48,0,0,1,1,0,0,0,16,0,1,0
7.00307,17,289,42,0,0,0,0,1,0,1,17,0,1,0
7.11314,19,361,47,0,0,0,1,1,0,1,16,0,1,0
5.85793,9,81,52,1,0,1,0,0,0,0,13,0,1,0
6.44572,29,841,47,1,1,1,0,1,0,0,8,1,1,0
6.24611,15,225,49,1,0,0,0,1,0,0,13,0,1,0
6.2804,16,256,39,1,0,1,0,1,0,0,10,0,1,0
6.30992,43,1849,50,1,0,1,1,0,0,0,12,0,1,0
6.05209,16,256,50,1,0,0,0,0,1,0,8,0,0,8
7.26193,11,121,50,0,1,0,0,1,0,0,17,0,1,0
7.17319,12,144,50,1,0,0,1,1,0,0,16,0,1,0
7.06561,28,784,36,1,0,1,0,1,0,1,12,0,1,0
6.56386,18,324,46,1,0,0,1,0,0,1,12,0,1,0
6.70073,44,1936,47,0,0,1,1,1,0,0,17,1,1,0
6.66823,21,441,49,1,1,0,0,0,0,1,7,0,1,0
6.65286,9,81,48,0,0,1,1,0,1,0,12,0,0,12
7.11558,18,324,49,1,0,0,1,1,0,1,14,0,1,0
7.2724,11,121,49,0,1,0,1,1,0,0,15,0,1,0
6.73934,17,289,49,0,0,0,1,1,0,0,12,1,1,0
6.65286,7,49,49,0,0,0,1,0,1,0,12,0,0,12
7.17012,16,256,42,1,1,0,1,1,0,1,7,0,1,0
6.70196,11,121,47,0,0,1,0,1,0,1,14,0,1,0
6.90776,39,1521,31,1,1,1,0,1,0,1,7,0,1,0
7.16085,17,289,34,0,0,0,1,1,0,1,17,0,1,0
6.81014,43,1849,47,1,1,0,1,1,0,1,8,0,1,0
7.78322,35,1225,49,0,1,0,1,1,0,0,16,0,1,0
6.83195,36,1296,48,1,0,1,0,0,0,0,11,0,1,0
7.36518,22,484,50,0,1,1,1,1,0,0,17,0,1,0
6.23637,18,324,49,1,1,0,1,0,0,0,12,0,1,0
6.55108,14,196,51,1,0,0,1,1,0,0,11,0,1,0
7.17242,35,1225,45,0,1,0,1,1,0,0,14,0,1,0
7.43838,9,81,49,0,1,0,1,0,0,0,17,0,1,0
6.95655,20,400,43,0,0,0,1,1,0,0,16,0,1,0
6.10925,23,529,48,1,1,1,1,0,0,0,7,0,1,0
7.29709,17,289,47,0,0,1,1,1,0,0,14,0,1,0
6.76849,12,144,49,0,1,1,1,1,0,0,12,0,1,0
7.49554,37,1369,47,0,1,0,1,1,0,0,12,0,1,0
7.1309,21,441,45,1,1,0,0,1,0,1,12,0,1,0
7.37776,31,961,49,0,1,0,1,1,0,0,12,0,1,0
6.74524,43,1849,40,0,1,0,1,1,0,1,12,0,1,0
6.96791,12,144,49,0,0,0,1,0,0,0,13,0,1,0
7.2998,25,625,48,0,0,0,1,0,0,0,13,0,1,0
7.75577,33,1089,39,0,0,0,1,1,0,0,17,0,1,0
6.4677,35,1225,49,0,0,0,0,1,0,0,17,0,1,0
7.21229,20,400,48,1,1,0,0,1,0,0,12,0,1,0
7.06817,20,400,48,1,1,0,0,1,0,1,14,0,1,0
7.04752,20,400,43,0,0,0,1,0,1,1,17,0,0,17
6.99942,31,961,47,1,1,0,0,1,0,1,9,0,1,0
8.537,22,484,50,0,0,0,1,1,0,0,17,0,1,0
6.90776,20,400,49,1,1,0,1,1,0,0,12,0,1,0
7.64969,19,361,49,0,1,0,0,0,0,0,16,0,1,0
7.00307,21,441,50,1,0,0,0,1,0,1,12,0,1,0
7.00307,33,1089,29,1,1,1,0,1,0,1,8,0,1,0
7.49554,34,1156,47,0,0,1,0,1,0,0,16,0,1,0
6.91672,20,400,49,1,1,1,1,1,0,1,12,0,1,0
5.7462,9,81,52,1,0,0,0,1,0,0,12,0,1,0
7.35244,34,1156,37,1,0,0,1,1,0,1,14,0,1,0
6.76273,33,1089,41,1,1,0,1,1,0,0,12,0,1,0
6.49072,37,1369,49,1,1,0,1,1,0,1,8,0,1,0
7.04752,37,1369,46,1,1,0,1,1,0,1,8,0,1,0
7.06219,36,1296,41,1,1,0,1,1,0,1,8,0,1,0
7.54697,27,729,50,0,0,1,0,1,0,0,17,0,1,0
7.04752,25,625,40,1,1,1,1,1,0,1,12,1,1,0
6.45362,10,100,49,1,1,0,0,0,0,1,12,0,1,0
7.31322,21,441,48,0,1,0,0,1,0,0,12,0,1,0
7.64779,26,676,48,0,1,0,1,1,0,0,13,0,1,0
7.25347,29,841,50,1,1,0,1,1,0,0,11,0,1,0
7.46737,29,841,47,0,1,0,1,1,0,0,16,0,1,0
7.24423,10,100,49,0,0,0,1,1,0,0,16,0,1,0
7.21891,16,256,52,1,1,1,0,1,0,1,9,0,1,0
6.50578,21,441,49,1,0,0,0,1,0,0,8,0,1,0
7.10906,41,1681,47,0,1,0,1,1,0,0,16,0,1,0
6.96602,40,1600,48,1,1,0,1,1,0,0,12,0,1,0
7.17012,13,169,48,0,1,0,0,1,0,0,14,0,1,0
7.39817,25,625,49,0,0,0,1,1,0,0,16,0,1,0
7.40853,42,1764,48,0,1,0,0,1,0,0,15,0,1,0
7.21008,18,324,47,0,1,0,0,1,0,0,12,0,1,0
6.86693,10,100,49,0,0,0,1,1,0,0,14,0,1,0
6.90776,12,144,37,0,0,0,1,0,0,1,16,0,1,0
6.80351,22,484,5,1,1,0,1,1,0,1,12,0,1,0
6.82763,26,676,46,1,0,1,0,1,0,0,16,0,1,0
5.70378,10,100,35,1,0,1,0,0,0,0,8,1,1,0
6.68461,19,361,48,1,0,0,1,0,0,0,12,0,1,0
7.1309,18,324,49,0,0,1,1,0,0,0,17,0,1,0
7.37776,9,81,48,0,1,0,1,1,0,0,16,0,1,0
7.06902,39,1521,48,1,0,0,0,1,0,0,13,0,1,0
6.90776,14,196,50,1,1,0,0,1,0,1,12,0,1,0
7.08841,35,1225,47,1,1,0,1,1,0,0,12,0,1,0
6.68461,36,1296,49,1,1,0,0,1,0,1,12,0,1,0
7.1507,31,961,35,0,0,0,1,1,0,1,17,0,1,0
6.97073,15,225,52,1,0,0,0,1,0,0,12,0,1,0
6.51471,14,196,49,1,0,0,1,0,0,0,12,0,1,0
6.64249,16,256,49,1,1,1,1,1,0,1,12,0,1,0
6.69208,16,256,41,1,1,1,1,0,1,0,11,1,0,11
6.67834,43,1849,45,1,1,0,0,1,0,1,12,0,1,0
7.29302,16,256,48,0,0,0,1,1,0,0,15,0,1,0
5.81413,16,256,40,1,0,0,0,0,1,0,10,0,0,10
8.3082,9,81,50,0,0,0,1,1,0,0,17,0,1,0
7.57558,31,961,50,0,0,1,0,1,0,0,17,0,1,0
6.13773,30,900,49,1,0,1,0,1,0,0,9,0,1,0
6.55108,18,324,28,0,0,0,1,0,0,0,12,1,1,0
7.27101,16,256,50,0,0,0,1,1,0,0,16,0,1,0
7.69621,34,1156,43,0,1,0,1,1,0,0,16,0,1,0
6.99668,11,121,48,1,1,0,1,0,0,1,12,0,1,0
6.72743,9,81,49,0,0,0,1,0,1,0,12,0,0,12
7.21891,10,100,47,0,0,0,0,1,0,0,14,0,1,0
6.59304,25,625,50,0,0,0,1,0,1,0,15,0,0,15
6.75693,9,81,49,1,1,0,0,1,0,0,9,0,1,0
6.3699,26,676,49,1,0,0,0,1,0,0,16,0,1,0
6.98286,17,289,50,0,0,0,1,1,0,0,12,0,1,0
7.14441,20,400,32,1,1,1,0,1,0,1,12,0,1,0
6.21461,14,196,51,1,0,1,0,0,1,0,14,0,0,14
5.75257,16,256,41,1,0,1,0,0,1,0,8,0,0,8
7.09008,31,961,47,1,1,0,1,1,0,1,12,0,1,0
7.11233,29,841,47,1,0,0,0,1,0,1,12,0,1,0
7.47873,41,1681,30,1,1,0,1,1,0,1,12,0,1,0
7.26263,28,784,42,1,0,0,1,1,0,1,12,0,1,0
7.18311,16,256,48,0,0,0,1,1,0,0,12,0,1,0
7.01481,29,841,49,0,0,0,0,1,0,0,17,0,1,0
6.95464,12,144,50,1,1,1,0,1,0,0,9,0,1,0
6.5903,31,961,42,1,1,1,0,1,0,1,6,0,1,0
6.94794,12,144,44,0,1,0,1,1,0,1,12,0,1,0
7.49332,38,1444,50,0,0,0,1,1,0,0,16,0,1,0
6.47697,17,289,49,1,1,0,0,1,0,1,12,0,1,0
6.72022,17,289,52,0,1,1,1,1,0,0,16,0,1,0
6.90776,13,169,40,1,0,1,0,1,0,0,9,0,1,0
6.21261,26,676,39,1,1,1,0,0,1,0,7,0,0,7
7.1309,35,1225,45,0,1,0,0,1,0,0,12,0,1,0
7.09008,14,196,50,0,0,0,1,0,0,0,13,0,1,0
6.73102,9,81,38,0,0,0,0,1,0,0,17,0,1,0
6.71538,26,676,47,1,1,0,0,1,0,1,11,0,1,0
6.42487,13,169,50,0,0,1,1,0,1,0,12,0,0,12
6.01616,25,625,52,0,0,0,1,1,0,0,9,0,1,0
7.04752,38,1444,46,1,0,1,0,1,0,1,9,0,1,0
7.04839,31,961,34,1,0,1,0,1,0,1,12,0,1,0
7.87284,18,324,47,0,0,0,1,1,0,0,13,0,1,0
7.91936,19,361,51,0,0,0,1,1,0,0,17,0,1,0
6.05209,21,441,42,1,0,0,1,0,1,0,11,1,0,11
6.8977,29,841,42,0,0,0,0,1,0,0,17,0,1,0
6.95655,40,1600,45,1,1,0,0,0,0,1,8,0,1,0
7.54961,36,1296,48,0,1,0,1,1,0,1,10,0,1,0
7.6009,13,169,49,0,1,0,1,1,0,0,17,0,1,0
7.24423,33,1089,48,1,1,0,1,1,0,0,11,0,1,0
6.55108,30,900,49,1,0,0,1,1,0,0,12,0,1,0
6.39693,41,1681,50,0,0,1,1,1,0,0,16,1,1,0
7.54961,23,529,48,0,0,1,1,1,0,0,17,0,1,0
6.53233,10,100,49,0,0,0,0,1,0,0,13,0,1,0
6.68835,17,289,49,1,1,0,0,1,0,1,12,0,1,0
7.21082,25,625,50,1,0,0,1,1,0,1,12,0,1,0
7.05099,39,1521,46,0,0,1,0,1,0,1,12,0,1,0
7.28207,34,1156,46,0,0,0,1,1,0,1,17,0,1,0
6.35437,7,49,51,1,0,0,1,0,0,0,11,0,1,0
6.77422,18,324,48,0,1,1,0,1,0,0,14,0,1,0
7.30653,40,1600,52,1,0,0,1,1,0,1,5,0,1,0
6.90174,16,256,49,0,0,0,1,0,1,0,12,0,0,12
6.19236,36,1296,50,1,1,1,0,1,0,0,12,0,1,0
6.90776,35,1225,48,0,0,0,1,1,0,0,16,0,1,0
7.31322,8,64,49,0,0,0,1,1,0,0,16,0,1,0
6.90776,22,484,42,0,1,0,1,0,1,1,17,0,0,17
6.90776,8,64,50,1,0,0,0,1,0,1,12,0,1,0
8.04719,29,841,48,0,1,0,1,1,0,0,16,0,1,0
7.04141,33,1089,48,0,0,0,0,1,0,0,17,0,1,0
7.1309,36,1296,39,1,1,0,1,1,0,1,10,0,1,0
6.74524,27,729,47,1,1,0,0,1,0,1,12,0,1,0
6.17379,24,576,49,1,1,1,0,1,0,0,7,0,1,0
7.48717,13,169,48,0,1,0,1,1,0,0,17,0,1,0
6.59304,12,144,36,0,0,0,0,1,0,0,16,0,1,0
7.03527,38,1444,48,0,0,0,0,1,0,0,12,0,1,0
8.05516,33,1089,49,0,0,0,0,1,0,0,16,0,1,0
7.55747,40,1600,48,1,0,0,1,1,0,1,12,0,1,0
6.76964,21,441,38,1,0,0,1,1,0,1,10,0,1,0
6.16542,13,169,39,1,0,0,1,0,1,1,10,0,0,10
7.34601,15,225,48,1,1,0,1,1,0,1,12,0,1,0
6.7334,28,784,52,1,1,1,0,1,0,0,10,0,1,0
6.7093,42,1764,40,1,0,0,1,1,0,0,7,0,1,0
6.62007,43,1849,46,1,0,1,0,1,0,1,10,0,1,0
6.04025,15,225,49,1,0,0,1,0,1,0,7,1,0,7
6.21461,16,256,47,1,0,0,1,0,1,0,11,0,0,11
7.00307,36,1296,48,0,1,0,1,0,0,0,16,0,1,0
6.57508,24,576,48,1,1,1,0,1,0,1,10,0,1,0
6.62007,12,144,49,0,0,1,0,0,0,0,16,0,1,0
7.69621,31,961,47,0,0,0,1,1,0,0,17,1,1,0
6.95655,13,169,49,0,1,1,0,1,0,1,12,1,1,0
6.72623,39,1521,24,1,1,0,0,1,0,0,12,0,1,0
6.63068,9,81,50,1,1,0,0,0,1,1,12,0,0,12
7.09008,11,121,48,0,0,1,1,1,0,1,16,0,1,0
7.20042,38,1444,47,1,1,0,0,1,0,1,12,0,1,0
6.99393,31,961,45,0,0,1,0,0,0,0,17,0,1,0
6.16752,16,256,52,1,1,1,0,1,0,0,10,0,1,0
7.31322,16,256,49,0,0,0,1,1,0,0,12,0,1,0
6.9256,22,484,49,1,0,1,1,1,0,1,10,0,1,0
7.37776,18,324,49,0,0,0,1,1,0,0,16,0,1,0
6.62007,16,256,48,1,1,0,1,0,1,0,12,1,0,12
7.04752,9,81,50,0,0,0,1,0,1,0,16,0,0,16
7.21524,21,441,47,1,0,1,1,1,0,1,12,0,1,0
7.27932,27,729,42,0,0,0,1,1,0,1,17,0,1,0
7.09008,20,400,46,1,0,1,1,1,0,1,12,0,1,0
6.58617,14,196,51,0,0,0,0,1,0,0,14,0,1,0
7.20786,27,729,50,1,1,0,0,0,0,1,9,0,1,0
7.84502,27,729,47,0,0,1,1,1,0,0,16,0,1,0
6.86693,13,169,50,0,0,1,1,1,0,0,16,0,1,0
7.09008,12,144,50,0,0,0,0,1,0,0,16,0,1,0
6.8977,30,900,46,1,1,0,1,1,0,1,12,1,1,0
7.09423,20,400,48,0,0,0,1,1,0,0,17,0,1,0
7.82405,7,49,49,0,0,0,1,1,0,0,17,0,1,0
7.00307,10,100,49,1,1,0,1,1,0,1,12,0,1,0
6.99577,39,1521,47,1,0,1,0,1,0,0,8,0,1,0
7.47534,13,169,48,0,1,0,0,1,0,0,15,0,1,0
7.18992,21,441,49,1,0,0,1,1,0,1,12,0,1,0
6.30992,35,1225,50,0,0,0,1,1,0,1,13,0,1,0
7.00307,11,121,49,1,1,0,1,1,0,1,12,0,1,0
7.27932,24,576,48,0,1,0,1,1,0,0,17,0,1,0
7.31322,50,2500,49,0,0,0,1,1,0,1,9,0,1,0
6.77422,35,1225,48,0,0,0,1,1,0,1,12,0,1,0
6.90975,11,121,48,0,0,0,1,1,0,0,12,0,1,0
6.74524,17,289,46,1,1,0,0,1,0,1,10,0,1,0
7.08423,21,441,40,1,1,1,0,1,0,1,10,0,1,0
7.44132,19,361,46,1,0,1,0,1,0,0,12,0,1,0
7.91936,34,1156,48,0,0,0,1,1,0,0,16,0,1,0
6.62007,10,100,49,0,0,1,1,1,0,0,13,0,1,0
6.96035,42,1764,47,1,1,0,0,1,0,0,12,0,1,0
7.22621,33,1089,48,0,1,0,0,1,0,0,12,0,1,0
6.92166,16,256,50,1,1,0,0,1,0,1,12,0,1,0
6.71659,22,484,47,1,1,0,0,1,0,1,12,0,1,0
7.04752,28,784,47,0,0,0,1,0,1,1,12,0,0,12
6.77878,36,1296,50,1,1,0,1,0,0,1,8,0,1,0
6.80239,18,324,48,1,0,1,0,1,0,1,12,0,1,0
6.21461,17,289,50,0,1,1,1,0,0,0,12,1,1,0
6.74524,41,1681,50,0,0,0,1,0,1,0,16,0,0,16
6.59715,39,1521,47,1,0,0,0,1,0,0,12,0,1,0
7.1309,15,225,48,0,1,0,1,1,0,0,14,0,1,0
6.85646,17,289,36,0,0,0,1,1,0,1,17,0,1,0
6.70319,8,64,48,1,1,1,1,1,0,0,13,0,1,0
6.40853,17,289,51,1,0,1,1,1,0,0,9,0,1,0
7.2724,24,576,48,0,0,0,1,1,0,0,16,0,1,0
6.62007,24,576,49,1,0,0,0,1,0,0,12,0,1,0
7.06987,9,81,51,1,1,0,0,1,0,1,8,0,1,0
7.07496,33,1089,42,1,1,0,1,1,0,1,11,0,1,0
6.27099,24,576,51,1,1,0,0,1,0,0,9,0,1,0
6.87626,19,361,48,1,1,0,0,1,0,1,12,0,1,0
7.03615,11,121,49,1,0,1,0,1,0,1,12,0,1,0
7.06133,20,400,49,0,1,0,1,1,0,1,14,0,1,0
7.1309,14,196,46,0,0,0,0,1,0,0,16,0,1,0
6.97541,16,256,50,1,0,0,0,1,0,1,12,0,1,0
6.82979,16,256,48,0,0,0,0,1,0,0,17,0,1,0
7.90397,36,1296,50,0,1,0,0,1,0,0,17,0,1,0
6.21461,18,324,26,1,0,0,0,1,0,0,12,0,1,0
6.90776,16,256,49,0,1,0,1,1,0,0,15,0,1,0
7.03527,30,900,40,1,1,1,1,1,0,1,12,0,1,0
6.77992,26,676,46,1,1,1,1,1,0,0,6,1,1,0
6.68211,12,144,49,1,1,1,1,1,0,1,12,0,1,0
7.1309,19,361,47,0,1,0,0,1,0,0,12,0,1,0
7.1309,18,324,47,0,0,1,1,0,1,0,16,0,0,16
7.00307,9,81,48,1,0,0,0,1,0,1,14,0,1,0
6.68461,41,1681,50,0,0,1,1,1,0,0,15,0,1,0
7.18311,28,784,47,0,0,1,0,1,0,0,12,0,1,0
6.21461,16,256,36,1,0,1,1,0,1,0,12,1,0,12
7.04316,37,1369,49,1,1,0,1,1,0,0,10,0,1,0
6.90776,44,1936,48,0,1,0,1,1,0,0,15,0,1,0
7.11477,41,1681,36,0,0,0,1,1,0,0,17,0,1,0
7.09008,44,1936,47,1,1,0,1,1,0,0,11,0,1,0
6.10256,42,1764,48,1,0,1,1,0,1,0,12,1,0,12
6.90776,12,144,48,1,0,0,1,1,0,1,12,0,1,0
6.39693,41,1681,49,1,1,1,0,1,0,0,5,0,1,0
7.09008,30,900,48,0,0,1,1,1,1,0,16,0,0,16
6.91473,34,1156,47,1,0,1,0,1,0,0,14,0,1,0
7.39326,10,100,50,0,0,1,1,1,0,0,12,0,1,0
6.80239,15,225,47,1,0,0,1,0,1,1,12,0,0,12
6.2634,15,225,48,0,0,0,0,0,1,0,12,0,0,12
7.04141,34,1156,47,0,0,0,1,1,0,1,12,0,1,0
7.67322,13,169,49,0,1,0,1,1,0,0,17,0,1,0
7.27031,37,1369,47,0,1,0,1,1,0,0,9,0,1,0
7.19519,33,1089,43,0,1,0,1,1,0,0,12,0,1,0
7.6811,25,625,48,0,1,0,1,1,0,0,17,0,1,0
6.47697,23,529,49,0,1,0,1,1,0,1,11,1,1,0
7.31322,28,784,40,0,0,0,1,1,0,1,17,0,1,0
7.1309,24,576,36,0,0,0,0,1,0,0,17,0,1,0
8.02027,33,1089,25,0,1,1,1,0,0,0,16,0,1,0
7.19669,9,81,49,0,0,1,1,1,0,0,12,0,1,0
7.08171,43,1849,43,1,0,1,1,1,0,1,11,0,1,0
6.94505,29,841,50,1,1,0,0,1,0,1,8,0,1,0
7.04229,11,121,48,0,0,1,1,1,0,0,14,0,1,0
7.9831,36,1296,47,0,1,0,1,1,0,0,17,0,1,0
7.09008,27,729,49,1,1,0,1,1,0,1,12,1,1,0
6.30992,13,169,51,1,0,0,0,1,0,0,12,0,1,0
7.06219,10,100,50,1,1,0,1,1,0,0,12,0,1,0
7.0076,22,484,48,1,1,0,1,1,0,1,12,0,1,0
6.99118,22,484,36,0,0,0,0,1,0,1,16,0,1,0
6.43294,42,1764,48,1,1,0,0,1,0,1,10,0,1,0
7.1309,34,1156,48,0,1,0,1,1,0,0,12,0,1,0
7.21671,11,121,51,0,0,1,1,0,1,0,17,0,0,17
7.1107,26,676,51,1,0,1,0,1,0,0,10,0,1,0
6.80239,21,441,47,1,0,0,0,1,0,1,12,0,1,0
6.7901,26,676,47,1,1,0,1,0,1,0,13,0,0,13
7.33106,38,1444,49,0,0,0,1,1,0,0,17,0,1,0
6.68211,18,324,50,0,0,1,1,1,0,0,12,0,1,0
7.09008,31,961,49,1,1,0,1,1,0,0,9,0,1,0
7.54961,15,225,48,0,0,1,1,1,0,0,16,0,1,0
7.1309,8,64,48,1,0,0,1,1,0,1,14,0,1,0
7.09008,15,225,47,0,0,0,1,1,0,1,12,0,1,0
7.10906,37,1369,47,1,0,0,1,1,0,1,10,0,1,0
6.93049,15,225,48,0,0,0,1,0,1,0,16,0,0,16
6.47697,22,484,47,0,0,1,1,0,1,0,11,1,0,11
6.2672,19,361,49,1,0,0,0,1,0,0,9,0,1,0
6.10702,26,676,36,0,0,1,1,0,1,0,11,1,0,11
6.85646,33,1089,47,0,0,0,0,1,0,0,12,0,1,0
7.40853,27,729,50,0,0,1,1,1,0,0,12,0,1,0
7.2724,9,81,48,0,1,0,0,1,0,0,15,0,1,0
6.95177,28,784,49,1,1,1,1,1,0,0,7,0,1,0
6.68461,36,1296,48,1,0,1,1,1,0,1,10,0,1,0
6.90776,32,1024,47,1,1,0,1,1,0,1,11,0,1,0
6.54391,26,676,51,1,0,0,1,1,0,1,12,1,1,0
6.9613,35,1225,43,1,0,0,1,1,0,1,12,1,1,0
6.49677,33,1089,49,1,0,0,1,1,0,1,12,0,1,0
7.16549,16,256,50,1,0,0,1,1,0,1,12,0,1,0
7.86327,23,529,49,0,0,1,0,1,0,0,14,0,1,0
7.18539,12,144,51,1,1,1,1,1,0,0,17,0,1,0
7.31322,40,1600,43,0,0,1,1,1,0,0,14,0,1,0
7.59287,27,729,50,1,0,0,1,0,0,1,14,0,1,0
7.32317,36,1296,46,1,0,1,1,1,0,0,11,0,1,0
6.65673,41,1681,47,0,1,1,0,1,0,0,9,0,1,0
6.84055,23,529,25,0,0,1,1,1,0,0,16,0,1,0
7.01661,21,441,46,1,1,0,0,1,0,1,12,0,1,0
6.77422,9,81,50,1,0,1,0,1,0,0,12,1,1,0
6.66058,38,1444,50,1,1,0,0,1,0,1,7,0,1,0
6.62007,16,256,52,1,0,0,0,1,0,0,12,0,1,0
6.98472,9,81,49,0,0,1,1,1,0,0,17,0,1,0
7.24423,19,361,47,0,1,0,1,1,0,0,16,0,1,0
6.95655,37,1369,47,1,1,0,1,1,0,1,6,1,1,0
7.03351,19,361,51,1,1,0,1,1,0,1,10,0,1,0
7.49554,13,169,44,0,0,0,1,1,0,0,12,0,1,0
7.46737,22,484,51,0,0,0,1,1,0,0,16,0,1,0
7.47591,27,729,50,1,0,0,1,1,0,1,12,0,1,0
7.05186,21,441,49,1,1,0,1,1,0,1,12,0,1,0
7.64969,11,121,47,0,0,1,1,1,0,0,16,0,1,0
6.97541,9,81,48,1,1,0,1,1,0,1,13,0,1,0
7.46737,31,961,47,0,0,0,1,1,0,0,17,0,1,0
6.62672,10,100,40,0,0,1,0,0,1,0,16,0,0,16
6.96602,46,2116,51,1,0,0,1,1,0,0,10,0,1,0
6.39693,26,676,48,1,0,0,0,0,1,0,12,0,0,12
6.9256,11,121,47,1,1,0,0,1,0,0,16,0,1,0
7.31322,7,49,47,0,0,0,1,0,0,0,16,0,1,0
7.27932,15,225,49,0,1,0,1,1,0,0,16,0,1,0
7.00307,43,1849,47,0,0,0,1,1,0,1,12,1,1,0
6.44413,27,729,45,1,1,0,1,1,0,1,9,0,1,0
7.0184,37,1369,46,0,1,0,1,1,0,1,11,0,1,0
6.36647,11,121,43,1,1,1,0,1,0,0,12,0,1,0
6.90776,34,1156,46,1,1,0,1,1,0,1,12,0,1,0
7.37776,13,169,50,0,0,0,0,1,0,0,17,0,1,0
6.88551,14,196,49,0,0,0,1,0,1,0,14,0,0,14
6.62007,20,400,38,0,0,1,1,0,1,0,16,0,0,16
6.77194,16,256,44,1,1,0,0,1,0,1,12,0,1,0
7.02909,21,441,50,1,0,0,1,1,0,0,10,0,1,0
7.18917,9,81,38,0,0,0,1,1,0,1,17,0,1,0
7.06902,9,81,48,1,0,0,0,1,0,1,13,0,1,0
6.86693,10,100,47,1,1,1,1,0,0,1,12,0,1,0
7.6256,33,1089,48,0,0,0,1,1,0,0,17,0,1,0
6.55108,36,1296,36,0,0,1,0,1,0,0,17,0,1,0
6.82979,18,324,47,1,0,0,1,1,0,1,12,0,1,0
6.2653,16,256,48,1,1,1,0,1,0,0,4,0,1,0
6.56386,14,196,48,1,1,1,0,1,0,1,12,0,1,0
7.31986,33,1089,50,1,0,1,1,1,0,1,12,0,1,0
6.80239,30,900,49,0,0,0,1,1,0,0,14,0,1,0
7.06987,12,144,46,1,1,0,0,1,0,1,12,0,1,0
7.09008,19,361,45,1,0,0,0,1,0,1,9,0,1,0
6.17587,14,196,52,0,0,0,0,1,0,0,12,0,1,0
6.54822,20,400,27,1,1,0,1,1,0,1,12,0,1,0
6.7511,31,961,41,1,1,0,1,1,0,1,10,0,1,0
7.27932,18,324,49,1,1,0,1,1,0,1,12,0,1,0
6.47697,15,225,50,0,0,0,1,1,0,0,14,0,1,0
6.66823,34,1156,51,1,0,0,0,1,0,0,12,0,1,0
6.64639,46,2116,48,1,0,0,1,1,0,0,12,0,1,0
6.3081,25,625,49,1,1,1,1,0,1,0,12,0,0,12
7.09008,10,100,43,1,0,0,1,0,0,1,9,0,1,0
7.31322,22,484,37,0,0,0,1,1,0,1,17,0,1,0
6.47697,9,81,42,0,0,1,1,0,1,0,16,0,0,16
6.16331,28,784,52,1,1,1,0,0,0,0,8,0,1,0
7.04752,40,1600,43,1,0,1,0,1,0,1,10,1,1,0
7.09008,14,196,43,1,0,0,0,1,0,0,12,0,1,0
7.08339,13,169,49,1,1,0,1,1,0,1,11,0,1,0
7.0076,17,289,37,1,1,0,1,1,0,1,11,0,1,0
6.4677,15,225,45,1,1,0,1,0,1,0,12,0,0,12
7.2998,40,1600,46,1,0,0,1,0,0,1,12,0,1,0
7.20786,14,196,49,0,0,0,1,1,0,0,12,0,1,0
6.5582,30,900,51,1,1,0,1,1,0,0,8,0,1,0
6.95655,29,841,49,0,0,1,0,1,0,0,11,0,1,0
6.39693,40,1600,50,1,0,0,1,1,0,1,10,0,1,0
6.85435,18,324,51,0,0,1,1,1,0,0,17,0,1,0
7.20042,27,729,46,1,0,0,1,1,0,0,14,0,1,0
7.40853,13,169,43,1,0,0,0,1,0,1,12,0,1,0
6.85646,35,1225,49,0,1,0,0,1,0,0,12,0,1,0
6.42162,42,1764,37,1,1,0,1,1,0,0,6,0,1,0
7.27932,19,361,45,0,0,0,1,0,1,0,17,0,0,17
6.55536,46,2116,49,1,1,0,1,0,1,0,12,0,0,12
6.68461,9,81,38,0,0,0,0,1,0,1,16,0,1,0
6.7511,34,1156,30,1,1,0,1,1,0,1,12,0,1,0
6.81014,30,900,49,1,1,0,1,1,0,1,12,0,1,0
7.37776,46,2116,50,0,1,0,1,1,0,0,17,0,1,0
5.74939,50,2500,37,1,0,1,1,0,1,0,9,1,0,9
7.14913,16,256,51,0,1,0,0,1,0,0,12,0,1,0
7.20786,35,1225,44,0,0,0,1,1,0,0,16,0,1,0
6.38688,10,100,48,0,0,1,0,0,1,0,12,0,0,12
6.93925,11,121,46,1,0,0,0,1,0,1,14,0,1,0
7.17702,18,324,52,0,0,1,1,1,0,0,17,0,1,0
7.39326,23,529,48,1,0,0,0,1,0,1,12,0,1,0
6.58617,32,1024,52,1,1,0,1,1,0,0,10,0,1,0
7.00307,16,256,49,1,1,0,1,1,0,1,12,0,1,0
6.85646,9,81,50,0,0,0,1,1,0,0,16,0,1,0
7.61874,27,729,47,1,0,1,1,1,0,0,12,0,1,0
6.95655,23,529,42,1,1,1,0,1,0,1,12,0,1,0
6.30992,24,576,49,0,1,1,0,1,0,0,7,0,1,0
6.95177,16,256,49,1,0,1,1,1,0,0,11,0,1,0
6.97261,13,169,47,0,0,1,1,0,0,1,14,1,1,0
7.19669,13,169,39,1,0,0,1,1,0,1,10,0,1,0
6.9256,24,576,48,0,1,0,1,1,0,1,12,0,1,0
7.24423,38,1444,49,1,0,0,1,1,0,1,9,0,1,0
7.42833,16,256,43,0,0,0,1,1,0,1,15,0,1,0
7.13569,32,1024,23,1,0,0,0,1,0,1,12,0,1,0
6.93245,37,1369,51,0,0,1,1,1,0,0,12,0,1,0
7.19669,30,900,49,0,1,0,1,1,0,0,16,0,1,0
7.02554,13,169,46,1,0,0,1,0,0,0,12,0,1,0
5.84932,28,784,47,0,0,0,1,0,1,1,12,0,0,12
6.97261,18,324,49,1,1,1,1,1,0,0,14,0,1,0
6.36819,45,2025,48,1,1,0,1,0,1,1,14,1,0,14
6.95655,14,196,49,1,0,0,1,1,0,1,14,0,1,0
7.5606,39,1521,46,1,1,0,1,1,0,1,8,0,1,0
7.46737,21,441,47,0,0,0,1,1,0,0,14,0,1,0
6.86901,26,676,36,0,0,0,1,0,1,0,12,0,0,12
6.84055,40,1600,47,1,1,0,1,1,0,1,11,0,1,0
6.12687,9,81,48,0,0,1,1,1,0,0,17,0,1,0
7.03439,34,1156,45,0,1,1,1,1,0,1,12,0,1,0
7.18917,20,400,41,0,0,0,0,0,1,1,17,0,0,17
7.40001,13,169,49,1,0,0,1,1,0,1,12,0,1,0
7.31122,14,196,48,1,1,0,1,1,0,1,12,0,1,0
7.79028,29,841,47,0,0,0,0,1,0,0,16,0,1,0
6.80239,11,121,46,1,0,0,1,1,0,0,12,0,1,0
6.71538,28,784,51,1,0,0,0,1,0,0,12,0,1,0
6.7093,40,1600,50,0,0,0,0,1,0,0,12,0,1,0
6.96035,24,576,48,0,1,0,1,1,0,0,12,0,1,0
7.34923,12,144,50,0,0,0,1,1,0,0,16,0,1,0
6.84055,18,324,47,1,0,0,0,0,0,0,13,0,1,0
7.00307,10,100,48,1,1,1,0,1,0,1,10,0,1,0
5.99146,41,1681,50,1,0,0,0,1,0,0,5,0,1,0
7.34666,24,576,36,0,0,0,1,1,0,1,14,0,1,0
6.14204,10,100,49,1,0,1,1,0,1,0,12,1,0,12
6.98101,31,961,49,1,1,0,1,1,0,1,14,0,1,0
6.34564,13,169,48,1,0,1,0,1,0,0,13,0,1,0
6.47697,20,400,51,1,0,1,0,1,0,0,11,0,1,0
6.43455,9,81,49,1,0,0,1,0,0,1,12,1,1,0
6.89366,32,1024,52,1,1,0,1,1,0,1,12,0,1,0
7.18917,23,529,50,0,0,0,0,0,0,0,16,0,1,0
6.85751,8,64,44,1,1,0,0,1,0,1,9,0,1,0
6.75344,9,81,47,1,1,1,0,1,0,1,10,0,1,0
6.55678,11,121,50,0,0,1,0,1,0,0,16,0,1,0
6.82437,17,289,44,0,0,1,1,0,0,1,12,1,1,0
6.57786,7,49,49,0,1,0,1,0,0,0,14,0,1,0
7.24423,11,121,50,0,0,0,1,1,0,0,16,1,1,0
6.85646,10,100,37,0,0,1,0,1,0,0,17,0,1,0
7.37776,39,1521,50,0,0,0,1,1,0,0,12,0,1,0
7.45703,14,196,46,0,1,0,1,1,0,0,17,0,1,0
7.6009,8,64,46,0,0,0,1,1,0,0,16,0,1,0
6.44572,11,121,49,1,0,1,0,1,0,0,12,0,1,0
6.6174,38,1444,49,0,0,0,0,1,0,0,13,0,1,0
6.11147,11,121,51,1,1,1,0,1,0,0,12,0,1,0
6.14204,15,225,50,1,0,1,0,1,0,0,12,0,1,0
7.15462,13,169,49,0,0,0,1,1,0,0,17,0,1,0
6.99485,13,169,49,0,0,1,1,1,0,0,16,0,1,0
7.15851,16,256,51,0,1,0,1,1,0,0,16,0,1,0
7.6009,9,81,48,0,0,0,1,1,0,0,17,0,1,0
7.80588,31,961,45,0,1,0,1,1,0,0,16,0,1,0
7.09008,14,196,49,0,0,0,1,1,0,1,14,0,1,0
7.06048,23,529,46,0,0,1,1,1,0,0,13,0,1,0
7.17012,11,121,51,0,0,0,1,1,0,0,17,0,1,0
7.19519,10,100,49,0,0,1,0,1,0,1,14,0,1,0
7.32647,45,2025,46,1,1,0,1,1,0,0,12,0,1,0
7.09257,17,289,48,1,0,0,1,1,0,1,12,0,1,0
7.02997,13,169,48,1,0,0,1,1,0,1,12,0,1,0
6.72503,14,196,46,0,0,0,1,1,0,0,16,1,1,0
6.02102,12,144,51,1,0,0,1,1,0,0,12,0,1,0
7.18159,14,196,47,1,0,0,1,1,0,1,14,0,1,0
6.55108,9,81,37,0,0,0,1,0,1,1,16,0,0,16
6.76849,12,144,49,0,0,0,0,1,0,1,17,0,1,0
6.52209,7,49,40,0,0,1,0,0,1,0,16,0,0,16
6.22654,19,361,38,0,0,0,1,0,1,0,14,0,0,14
7.48324,33,1089,47,0,1,0,1,1,0,0,15,0,1,0
7.30317,9,81,46,0,1,0,1,1,0,0,16,0,1,0
6.94409,22,484,50,1,1,0,0,1,0,1,12,0,1,0
6.46303,20,400,48,0,0,1,1,0,1,0,12,0,0,12
6.76388,41,1681,44,0,1,1,1,1,0,0,16,0,1,0
6.68461,37,1369,49,0,0,0,0,1,0,0,12,0,1,0
6.92756,13,169,50,1,0,1,1,1,0,0,12,0,1,0
7.27932,8,64,49,0,0,0,1,1,0,0,17,0,1,0
6.90776,36,1296,48,0,0,0,1,1,0,1,14,0,1,0
7.15305,12,144,49,0,0,1,0,1,0,1,14,0,1,0
8.04719,31,961,49,0,0,1,1,1,0,0,11,0,1,0
7.24423,8,64,48,0,0,1,1,0,0,0,16,0,1,0
6.21461,46,2116,51,1,0,0,0,1,0,0,10,0,1,0
6.98379,13,169,48,1,1,0,0,1,0,1,14,0,1,0
7.15929,25,625,51,1,1,0,1,1,0,0,12,0,1,0
6.36303,14,196,48,1,0,0,1,0,1,0,12,0,0,12
6.91274,14,196,50,1,0,0,1,1,0,1,12,0,1,0
6.22654,9,81,50,1,0,0,1,1,0,0,11,0,1,0
6.62007,11,121,51,1,1,1,1,1,0,1,12,0,1,0
6.97541,10,100,48,1,0,1,0,1,0,0,12,0,1,0
6.57786,12,144,49,0,0,0,1,1,0,0,14,0,1,0
6.68461,8,64,50,0,0,0,1,1,0,0,12,0,1,0
6.55108,16,256,50,1,0,0,0,1,0,0,12,0,1,0
6.91968,12,144,45,1,1,0,0,1,0,0,13,0,1,0
6.71296,9,81,51,0,0,1,1,0,1,0,16,0,0,16
6.99393,11,121,46,1,1,0,1,1,0,0,12,0,1,0
7.28619,14,196,38,0,0,0,1,1,0,1,17,0,1,0
6.96224,8,64,51,1,0,0,1,0,0,0,12,0,1,0
7.16858,13,169,47,1,1,0,0,1,0,0,12,0,1,0
6.65286,11,121,50,1,0,0,1,1,0,0,12,0,1,0
7.02731,11,121,49,0,0,0,1,1,0,0,16,0,1,0
5.99146,20,400,30,1,1,1,0,1,0,0,10,0,1,0
7.17931,18,324,48,1,0,0,1,1,0,1,12,1,1,0
6.80239,7,49,50,0,0,1,1,1,0,0,16,0,1,0
7.17012,37,1369,46,1,0,0,1,1,0,1,12,0,1,0
6.87005,9,81,44,1,1,0,1,1,0,1,12,0,1,0
6.85646,40,1600,46,1,1,0,1,1,0,1,8,0,1,0
7.06133,12,144,47,1,1,0,1,1,0,1,13,0,1,0
5.67675,16,256,40,1,0,1,0,0,0,0,8,1,1,0
7.04752,13,169,47,1,1,0,1,1,0,1,12,0,1,0
6.37161,7,49,50,0,0,0,1,0,1,0,12,0,0,12
